cutoff_day,scope,code_module,code_presentation,eligible_attempts,at_risk_count,at_risk_rate,vle_attempt_coverage,assessment_submission_coverage,mean_due_assessment_count,mean_remaining_course_days,all_attempts,excluded_registered_after_cutoff,excluded_unregistered_by_cutoff,vle_event_rows_observed
28,overall,ALL,ALL,27522,12143,0.44121066782937285,0.9671172153186541,0.741261536225565,0.8602572487464574,227.9504759828501,32593.0,16.0,5055.0,2307032.0
28,module_presentation,AAA,2013J,369,91,0.24661246612466126,1.0,0.9349593495934959,1.0,240.0,,,,
28,module_presentation,AAA,2014J,348,95,0.27298850574712646,1.0,0.9252873563218391,1.0,241.0,,,,
28,module_presentation,BBB,2013B,1529,727,0.4754741661216481,0.9450621321124918,0.854153041203401,1.0,212.0,,,,
28,module_presentation,BBB,2013J,1834,763,0.41603053435114506,0.9367502726281353,0.895856052344602,1.0,240.0,,,,
28,module_presentation,BBB,2014B,1280,553,0.43203125,0.95,0.915625,1.0,206.0,,,,
28,module_presentation,BBB,2014J,1786,635,0.3555431131019037,0.9720044792833147,0.9395296752519597,1.0,234.0,,,,
28,module_presentation,CCC,2014B,1498,835,0.5574098798397864,0.9766355140186916,0.8618157543391188,1.0,213.0,,,,
28,module_presentation,CCC,2014J,2019,1004,0.4972758791480931,0.9846458642892522,0.903912828132739,1.0,241.0,,,,
28,module_presentation,DDD,2013B,1143,634,0.5546806649168854,0.9772528433945756,0.8915135608048994,2.0,212.0,,,,
28,module_presentation,DDD,2013J,1644,816,0.49635036496350365,0.9872262773722628,0.8394160583941606,1.0,233.0,,,,
28,module_presentation,DDD,2014B,1029,551,0.5354713313896987,0.9815354713313897,0.8279883381924198,1.0,213.0,,,,
28,module_presentation,DDD,2014J,1463,671,0.45864661654135336,0.9849624060150376,0.924812030075188,1.0,234.0,,,,
28,module_presentation,EEE,2013J,927,318,0.343042071197411,0.9676375404530745,0.04422869471413161,0.0,240.0,,,,
28,module_presentation,EEE,2014B,605,248,0.4099173553719008,0.968595041322314,0.12727272727272726,0.0,213.0,,,,
28,module_presentation,EEE,2014J,1020,336,0.32941176470588235,0.9774509803921568,0.12941176470588237,0.0,241.0,,,,
28,module_presentation,FFF,2013B,1450,668,0.4606896551724138,0.983448275862069,0.9144827586206896,1.0,212.0,,,,
28,module_presentation,FFF,2013J,1982,887,0.4475277497477296,0.9889001009081736,0.9217961654894047,1.0,240.0,,,,
28,module_presentation,FFF,2014B,1301,647,0.4973097617217525,0.9815526518063028,0.8724058416602614,1.0,213.0,,,,
28,module_presentation,FFF,2014J,1858,741,0.39881593110871905,0.9860064585575888,0.8848223896663079,1.0,241.0,,,,
28,module_presentation,GGG,2013J,924,332,0.3593073593073593,0.8733766233766234,0.010822510822510822,0.0,233.0,,,,
28,module_presentation,GGG,2014B,796,318,0.39949748743718594,0.9045226130653267,0.016331658291457288,0.0,213.0,,,,
28,module_presentation,GGG,2014J,717,273,0.3807531380753138,0.8940027894002789,0.01394700139470014,0.0,241.0,,,,
42,overall,ALL,ALL,27012,11632,0.4306234266252036,0.9739004886717014,0.8435510143639864,1.175699689027099,213.96190581963572,32593.0,12.0,5569.0,2897463.0
42,module_presentation,AAA,2013J,366,88,0.24043715846994534,1.0,0.9644808743169399,1.0,226.0,,,,
42,module_presentation,AAA,2014J,344,91,0.26453488372093026,1.0,0.9709302325581395,1.0,227.0,,,,
42,module_presentation,BBB,2013B,1503,701,0.46640053226879574,0.9554224883566201,0.8855622089155023,1.0,198.0,,,,
42,module_presentation,BBB,2013J,1805,733,0.40609418282548476,0.9506925207756233,0.9185595567867036,1.0,226.0,,,,
42,module_presentation,BBB,2014B,1267,540,0.4262036306235201,0.9597474348855565,0.9265982636148382,2.0,192.0,,,,
42,module_presentation,BBB,2014J,1774,623,0.3511837655016911,0.9751972942502819,0.9447576099210823,1.0,220.0,,,,
42,module_presentation,CCC,2014B,1416,753,0.5317796610169492,0.980225988700565,0.9046610169491526,2.0,199.0,,,,
42,module_presentation,CCC,2014J,1926,911,0.4730010384215992,0.9880581516095535,0.9335410176531672,2.0,227.0,,,,
42,module_presentation,DDD,2013B,1115,606,0.5434977578475336,0.9811659192825112,0.9139013452914798,2.0,198.0,,,,
42,module_presentation,DDD,2013J,1611,783,0.4860335195530726,0.9900682805710739,0.9081315952824333,1.0,219.0,,,,
42,module_presentation,DDD,2014B,999,521,0.5215215215215215,0.984984984984985,0.9059059059059059,1.0,199.0,,,,
42,module_presentation,DDD,2014J,1448,656,0.4530386740331492,0.9875690607734806,0.9419889502762431,2.0,220.0,,,,
42,module_presentation,EEE,2013J,912,303,0.33223684210526316,0.9758771929824561,0.8782894736842105,1.0,226.0,,,,
42,module_presentation,EEE,2014B,600,243,0.405,0.9783333333333334,0.865,1.0,199.0,,,,
42,module_presentation,EEE,2014J,1002,318,0.31736526946107785,0.9790419161676647,0.8942115768463074,1.0,227.0,,,,
42,module_presentation,FFF,2013B,1432,650,0.45391061452513964,0.9874301675977654,0.9322625698324022,1.0,198.0,,,,
42,module_presentation,FFF,2013J,1949,854,0.4381734222678297,0.9933299127757824,0.9415084658799384,1.0,226.0,,,,
42,module_presentation,FFF,2014B,1283,629,0.49025720966484804,0.9859703819173812,0.9236165237724084,1.0,199.0,,,,
42,module_presentation,FFF,2014J,1834,717,0.390948745910578,0.9896401308615049,0.9372955288985824,1.0,227.0,,,,
42,module_presentation,GGG,2013J,921,329,0.3572204125950054,0.8946796959826275,0.051031487513572206,0.0,219.0,,,,
42,module_presentation,GGG,2014B,793,315,0.39722572509457754,0.9255989911727617,0.06935687263556116,0.0,199.0,,,,
42,module_presentation,GGG,2014J,712,268,0.37640449438202245,0.925561797752809,0.05337078651685393,0.0,227.0,,,,
56,overall,ALL,ALL,26513,11131,0.4198317806359145,0.9775958963527326,0.8767019952476144,1.9762003545430544,200.00294195300418,32593.0,9.0,6071.0,3474573.0
56,module_presentation,AAA,2013J,365,87,0.23835616438356164,1.0,0.9780821917808219,2.0,212.0,,,,
56,module_presentation,AAA,2014J,342,89,0.260233918128655,1.0,0.9736842105263158,2.0,213.0,,,,
56,module_presentation,BBB,2013B,1470,668,0.454421768707483,0.9585034013605442,0.8938775510204081,3.0,184.0,,,,
56,module_presentation,BBB,2013J,1785,713,0.39943977591036417,0.9596638655462185,0.9327731092436975,3.0,212.0,,,,
56,module_presentation,BBB,2014B,1247,520,0.4170008019246191,0.9679230152365678,0.9334402566158782,3.0,178.0,,,,
56,module_presentation,BBB,2014J,1750,598,0.3417142857142857,0.9782857142857143,0.9537142857142857,2.0,206.0,,,,
56,module_presentation,CCC,2014B,1359,696,0.5121412803532008,0.9793966151582045,0.9102281089036056,2.0,185.0,,,,
56,module_presentation,CCC,2014J,1880,865,0.4601063829787234,0.9898936170212767,0.9425531914893617,2.0,213.0,,,,
56,module_presentation,DDD,2013B,1085,575,0.5299539170506913,0.9815668202764977,0.9271889400921659,4.0,184.0,,,,
56,module_presentation,DDD,2013J,1574,746,0.47395171537484115,0.9898348157560356,0.9193138500635324,2.0,205.0,,,,
56,module_presentation,DDD,2014B,971,493,0.5077239958805355,0.9886714727085479,0.9207003089598352,2.0,185.0,,,,
56,module_presentation,DDD,2014J,1417,625,0.4410726887791108,0.9880028228652082,0.9498941425546931,2.0,206.0,,,,
56,module_presentation,EEE,2013J,906,297,0.32781456953642385,0.9801324503311258,0.9050772626931567,1.0,212.0,,,,
56,module_presentation,EEE,2014B,586,229,0.39078498293515357,0.9795221843003413,0.8907849829351536,1.0,185.0,,,,
56,module_presentation,EEE,2014J,997,313,0.3139418254764293,0.9819458375125376,0.9147442326980942,1.0,213.0,,,,
56,module_presentation,FFF,2013B,1407,625,0.44420753375977257,0.9886282871357498,0.9445628997867804,2.0,184.0,,,,
56,module_presentation,FFF,2013J,1915,820,0.4281984334203655,0.993733681462141,0.9509138381201044,2.0,212.0,,,,
56,module_presentation,FFF,2014B,1257,603,0.4797136038186158,0.9880668257756563,0.9315831344470963,2.0,185.0,,,,
56,module_presentation,FFF,2014J,1793,676,0.3770217512548801,0.9905186837702176,0.9459007250418293,2.0,213.0,,,,
56,module_presentation,GGG,2013J,919,327,0.3558215451577802,0.9183895538628944,0.3068552774755169,0.0,205.0,,,,
56,module_presentation,GGG,2014B,790,312,0.3949367088607595,0.9417721518987342,0.34810126582278483,0.0,185.0,,,,
56,module_presentation,GGG,2014J,698,254,0.3638968481375358,0.9383954154727794,0.3037249283667622,0.0,213.0,,,,
84,overall,ALL,ALL,25720,10336,0.40186625194401243,0.9803265940902022,0.9318040435458786,2.5434681181959564,172.01022550544323,32593.0,4.0,6869.0,4220768.0
84,module_presentation,AAA,2013J,358,80,0.22346368715083798,1.0,0.9832402234636871,2.0,184.0,,,,
84,module_presentation,AAA,2014J,335,82,0.24477611940298508,1.0,0.9791044776119403,2.0,185.0,,,,
84,module_presentation,BBB,2013B,1423,620,0.43569922698524244,0.9620520028109627,0.910049191848208,3.0,156.0,,,,
84,module_presentation,BBB,2013J,1754,682,0.3888255416191562,0.9606613454960091,0.935005701254276,3.0,184.0,,,,
84,module_presentation,BBB,2014B,1218,491,0.40311986863711,0.9679802955665024,0.9351395730706076,5.0,150.0,,,,
84,module_presentation,BBB,2014J,1723,571,0.3313987231572838,0.9791062100986652,0.95937318630296,2.0,178.0,,,,
84,module_presentation,CCC,2014B,1299,636,0.4896073903002309,0.9815242494226328,0.9268668206312548,3.0,157.0,,,,
84,module_presentation,CCC,2014J,1781,766,0.4300954519932622,0.9910162829870859,0.9545199326221224,3.0,185.0,,,,
84,module_presentation,DDD,2013B,1037,527,0.5081967213114754,0.9836065573770492,0.9334619093539055,6.0,156.0,,,,
84,module_presentation,DDD,2013J,1531,703,0.45917700849118226,0.9895493141737427,0.9274983670803396,2.0,177.0,,,,
84,module_presentation,DDD,2014B,926,447,0.48272138228941686,0.9881209503239741,0.927645788336933,3.0,157.0,,,,
84,module_presentation,DDD,2014J,1371,579,0.4223194748358862,0.987600291757841,0.9562363238512035,3.0,178.0,,,,
84,module_presentation,EEE,2013J,885,276,0.31186440677966104,0.9819209039548022,0.9141242937853107,2.0,184.0,,,,
84,module_presentation,EEE,2014B,571,214,0.37478108581436076,0.978984238178634,0.9071803852889667,2.0,157.0,,,,
84,module_presentation,EEE,2014J,963,279,0.2897196261682243,0.9833852544132918,0.9293873312564901,2.0,185.0,,,,
84,module_presentation,FFF,2013B,1362,580,0.42584434654919234,0.9926578560939795,0.9559471365638766,2.0,156.0,,,,
84,module_presentation,FFF,2013J,1862,767,0.41192266380236303,0.9935553168635876,0.9548872180451128,2.0,184.0,,,,
84,module_presentation,FFF,2014B,1222,568,0.46481178396072015,0.9885433715220949,0.9320785597381342,2.0,157.0,,,,
84,module_presentation,FFF,2014J,1721,604,0.35095874491574663,0.9912841371295759,0.9535153980244044,2.0,185.0,,,,
84,module_presentation,GGG,2013J,919,327,0.3558215451577802,0.9455930359085963,0.8367791077257889,1.0,177.0,,,,
84,module_presentation,GGG,2014B,786,308,0.39185750636132316,0.9631043256997456,0.8562340966921119,1.0,157.0,,,,
84,module_presentation,GGG,2014J,673,229,0.34026745913818723,0.950965824665676,0.8514115898959881,1.0,185.0,,,,
98,overall,ALL,ALL,25349,9965,0.3931121543256144,0.9809065446368693,0.9340802398516707,3.08726182492406,158.00974397412128,32593.0,4.0,7240.0,4647246.0
98,module_presentation,AAA,2013J,356,78,0.21910112359550563,1.0,0.9859550561797753,2.0,170.0,,,,
98,module_presentation,AAA,2014J,335,82,0.24477611940298508,1.0,0.9791044776119403,2.0,171.0,,,,
98,module_presentation,BBB,2013B,1403,600,0.4276550249465431,0.9629365645046329,0.9116179615110478,5.0,142.0,,,,
98,module_presentation,BBB,2013J,1730,658,0.38034682080924853,0.9630057803468208,0.9358381502890173,5.0,170.0,,,,
98,module_presentation,BBB,2014B,1208,481,0.3981788079470199,0.9677152317880795,0.9346026490066225,5.0,136.0,,,,
98,module_presentation,BBB,2014J,1713,561,0.3274956217162872,0.9795680093403386,0.9597197898423818,2.0,164.0,,,,
98,module_presentation,CCC,2014B,1279,616,0.48162627052384677,0.9812353401094606,0.9265050820953871,3.0,143.0,,,,
98,module_presentation,CCC,2014J,1752,737,0.420662100456621,0.9914383561643836,0.9549086757990868,3.0,171.0,,,,
98,module_presentation,DDD,2013B,1021,511,0.5004897159647405,0.9833496571988247,0.9333986287952988,6.0,142.0,,,,
98,module_presentation,DDD,2013J,1493,665,0.4454119223040857,0.9892833221701273,0.9330207635632953,3.0,163.0,,,,
98,module_presentation,DDD,2014B,914,435,0.4759299781181619,0.9879649890590809,0.9299781181619255,3.0,143.0,,,,
98,module_presentation,DDD,2014J,1357,565,0.4163596168017686,0.9882092851879145,0.9565217391304348,3.0,164.0,,,,
98,module_presentation,EEE,2013J,878,269,0.30637813211845105,0.9829157175398633,0.9191343963553531,2.0,170.0,,,,
98,module_presentation,EEE,2014B,566,209,0.36925795053003535,0.9787985865724381,0.9081272084805654,2.0,143.0,,,,
98,module_presentation,EEE,2014J,957,273,0.2852664576802508,0.9832810867293625,0.9299895506792059,2.0,171.0,,,,
98,module_presentation,FFF,2013B,1334,552,0.41379310344827586,0.9932533733133433,0.9557721139430285,3.0,142.0,,,,
98,module_presentation,FFF,2013J,1806,711,0.39368770764119604,0.9939091915836102,0.9562569213732004,3.0,170.0,,,,
98,module_presentation,FFF,2014B,1192,538,0.4513422818791946,0.9890939597315436,0.9345637583892618,3.0,143.0,,,,
98,module_presentation,FFF,2014J,1691,574,0.33944411590774687,0.9911295091661738,0.9550561797752809,3.0,171.0,,,,
98,module_presentation,GGG,2013J,916,324,0.3537117903930131,0.9508733624454149,0.8591703056768559,1.0,163.0,,,,
98,module_presentation,GGG,2014B,781,303,0.3879641485275288,0.9628681177976952,0.8617157490396927,1.0,143.0,,,,
98,module_presentation,GGG,2014J,667,223,0.3343328335832084,0.9550224887556222,0.8605697151424287,1.0,171.0,,,,
105,overall,ALL,ALL,25132,9747,0.3878322457424797,0.9811793729110297,0.9347445487824287,3.1364793888269933,151.0090720993156,32593.0,3.0,7458.0,4840841.0
105,module_presentation,AAA,2013J,355,77,0.21690140845070421,1.0,0.9859154929577465,2.0,163.0,,,,
105,module_presentation,AAA,2014J,334,81,0.24251497005988024,1.0,0.9790419161676647,2.0,164.0,,,,
105,module_presentation,BBB,2013B,1396,593,0.42478510028653294,0.9627507163323782,0.9111747851002865,5.0,135.0,,,,
105,module_presentation,BBB,2013J,1712,640,0.37383177570093457,0.9632009345794392,0.9392523364485982,5.0,163.0,,,,
105,module_presentation,BBB,2014B,1200,473,0.39416666666666667,0.9683333333333334,0.935,5.0,129.0,,,,
105,module_presentation,BBB,2014J,1702,550,0.32314923619271446,0.9794359576968272,0.9594594594594594,2.0,157.0,,,,
105,module_presentation,CCC,2014B,1253,590,0.47086991221069435,0.9816440542697525,0.9273743016759777,4.0,136.0,,,,
105,module_presentation,CCC,2014J,1731,716,0.41363373772385903,0.9919121894858464,0.9543616406701328,3.0,164.0,,,,
105,module_presentation,DDD,2013B,1016,506,0.49803149606299213,0.9832677165354331,0.9330708661417323,6.0,135.0,,,,
105,module_presentation,DDD,2013J,1478,649,0.439106901217862,0.9891745602165088,0.9350473612990527,3.0,156.0,,,,
105,module_presentation,DDD,2014B,905,426,0.4707182320441989,0.9878453038674033,0.9292817679558011,3.0,136.0,,,,
105,module_presentation,DDD,2014J,1347,555,0.41202672605790647,0.9888641425389755,0.9569413511507052,3.0,157.0,,,,
105,module_presentation,EEE,2013J,874,265,0.30320366132723114,0.9839816933638444,0.9221967963386728,2.0,163.0,,,,
105,module_presentation,EEE,2014B,562,205,0.36476868327402134,0.9786476868327402,0.9074733096085409,2.0,136.0,,,,
105,module_presentation,EEE,2014J,954,270,0.2830188679245283,0.9832285115303984,0.929769392033543,2.0,164.0,,,,
105,module_presentation,FFF,2013B,1324,542,0.4093655589123867,0.993202416918429,0.9561933534743202,3.0,135.0,,,,
105,module_presentation,FFF,2013J,1784,689,0.38621076233183854,0.9938340807174888,0.9562780269058296,3.0,163.0,,,,
105,module_presentation,FFF,2014B,1179,525,0.44529262086513993,0.9889737065309584,0.9355385920271416,3.0,136.0,,,,
105,module_presentation,FFF,2014J,1673,556,0.3323371189479976,0.9910340705319785,0.9545726240286909,3.0,164.0,,,,
105,module_presentation,GGG,2013J,912,320,0.3508771929824561,0.9528508771929824,0.8596491228070176,1.0,156.0,,,,
105,module_presentation,GGG,2014B,778,300,0.3856041131105398,0.9640102827763496,0.8663239074550129,1.0,136.0,,,,
105,module_presentation,GGG,2014J,663,219,0.33031674208144796,0.9577677224736049,0.8642533936651584,1.0,164.0,,,,
112,overall,ALL,ALL,24930,9545,0.38287204171680705,0.9815884476534296,0.9357801845166466,3.323305254713197,143.99783393501806,32593.0,2.0,7661.0,5041018.0
112,module_presentation,AAA,2013J,354,76,0.21468926553672316,1.0,0.9858757062146892,2.0,156.0,,,,
112,module_presentation,AAA,2014J,332,79,0.23795180722891565,1.0,0.9789156626506024,2.0,157.0,,,,
112,module_presentation,BBB,2013B,1386,583,0.42063492063492064,0.9624819624819625,0.911976911976912,5.0,128.0,,,,
112,module_presentation,BBB,2013J,1701,629,0.369782480893592,0.9641387419165197,0.9400352733686067,5.0,156.0,,,,
112,module_presentation,BBB,2014B,1194,467,0.39112227805695143,0.9690117252931323,0.9355108877721943,5.0,122.0,,,,
112,module_presentation,BBB,2014J,1691,539,0.3187463039621526,0.9798935541099941,0.9597871082199881,3.0,150.0,,,,
112,module_presentation,CCC,2014B,1232,569,0.46185064935064934,0.9821428571428571,0.9277597402597403,4.0,129.0,,,,
112,module_presentation,CCC,2014J,1691,676,0.39976345357776466,0.9917208752217622,0.9556475458308693,4.0,157.0,,,,
112,module_presentation,DDD,2013B,1002,492,0.49101796407185627,0.9830339321357285,0.9341317365269461,6.0,128.0,,,,
112,module_presentation,DDD,2013J,1469,640,0.43567052416609936,0.989788972089857,0.9373723621511232,3.0,149.0,,,,
112,module_presentation,DDD,2014B,899,420,0.4671857619577308,0.9877641824249166,0.9299221357063404,3.0,129.0,,,,
112,module_presentation,DDD,2014J,1330,538,0.4045112781954887,0.9909774436090225,0.9571428571428572,4.0,150.0,,,,
112,module_presentation,EEE,2013J,868,259,0.29838709677419356,0.9838709677419355,0.9228110599078341,2.0,156.0,,,,
112,module_presentation,EEE,2014B,560,203,0.3625,0.9803571428571428,0.9089285714285714,2.0,129.0,,,,
112,module_presentation,EEE,2014J,947,263,0.27771911298838436,0.9841605068637803,0.9303062302006336,2.0,157.0,,,,
112,module_presentation,FFF,2013B,1319,537,0.4071266110689917,0.9931766489764974,0.9567854435178166,3.0,128.0,,,,
112,module_presentation,FFF,2013J,1765,670,0.37960339943342775,0.9937677053824363,0.9575070821529745,3.0,156.0,,,,
112,module_presentation,FFF,2014B,1173,519,0.4424552429667519,0.9889173060528559,0.9352088661551577,3.0,129.0,,,,
112,module_presentation,FFF,2014J,1667,550,0.32993401319736054,0.9916016796640672,0.9550089982003599,3.0,157.0,,,,
112,module_presentation,GGG,2013J,911,319,0.35016465422612514,0.9538968166849616,0.8660812294182217,1.0,149.0,,,,
112,module_presentation,GGG,2014B,778,300,0.3856041131105398,0.9652956298200515,0.8688946015424165,1.0,129.0,,,,
112,module_presentation,GGG,2014J,661,217,0.32829046898638425,0.9576399394856279,0.8683812405446294,1.0,157.0,,,,
