mean_fit_time,std_fit_time,mean_score_time,std_score_time,param_model__C,param_model__class_weight,param_model__l1_ratio,params,split0_test_pr_auc,split1_test_pr_auc,split2_test_pr_auc,split3_test_pr_auc,split4_test_pr_auc,mean_test_pr_auc,std_test_pr_auc,rank_test_pr_auc,split0_test_roc_auc,split1_test_roc_auc,split2_test_roc_auc,split3_test_roc_auc,split4_test_roc_auc,mean_test_roc_auc,std_test_roc_auc,rank_test_roc_auc,split0_test_precision,split1_test_precision,split2_test_precision,split3_test_precision,split4_test_precision,mean_test_precision,std_test_precision,rank_test_precision,split0_test_recall,split1_test_recall,split2_test_recall,split3_test_recall,split4_test_recall,mean_test_recall,std_test_recall,rank_test_recall,split0_test_f1,split1_test_f1,split2_test_f1,split3_test_f1,split4_test_f1,mean_test_f1,std_test_f1,rank_test_f1
3.851508045196533,0.36831186603961524,0.1907487392425537,0.018741633434057624,0.03,,0.0,"{'model__C': 0.03, 'model__class_weight': None, 'model__l1_ratio': 0.0}",0.8682346327458567,0.8593269445851094,0.8606359221189782,0.8566693682273919,0.8712655422991018,0.8632264819952876,0.005560956715530831,5,0.8869356531781487,0.8828911863449531,0.8822462762270993,0.8771604022974615,0.8929094140913156,0.8844285864277956,0.005256660516492965,6,0.8449053201082056,0.8126603934987169,0.8364444444444444,0.8125,0.8434704830053668,0.8299961282113468,0.014505621136573828,4,0.6726489590811199,0.6824712643678161,0.6755204594400575,0.6719310839913855,0.6774425287356322,0.6760028591232021,0.0037940380249059827,23,0.7490007993605116,0.7418976962124171,0.7474185861795075,0.7355599214145383,0.7513944223107569,0.7450542850955463,0.005682767449953095,22
3.5359611988067625,0.4730359877187429,0.20167441368103028,0.012858879988703997,0.03,,1.0,"{'model__C': 0.03, 'model__class_weight': None, 'model__l1_ratio': 1.0}",0.8670607157039683,0.8547942794786372,0.858564489670937,0.8547294671266847,0.8692909936473932,0.860887989125524,0.0061509735586003,24,0.8846353828155465,0.8792551091378789,0.8792585049255115,0.8754708809875453,0.8911237371755633,0.8819487230084091,0.005437909380471468,24,0.8446251129177959,0.8120689655172414,0.8405017921146953,0.8116826503923278,0.8445642407906558,0.8306885523465433,0.015433570214883374,2,0.6712132089016511,0.6767241379310345,0.6733668341708543,0.6683417085427136,0.6752873563218391,0.6729866491736185,0.0029707635412019756,24,0.748,0.7382445141065831,0.7477082502989238,0.7330708661417323,0.7504990019960079,0.7435045265086495,0.0066832965231490675,24
4.057403039932251,0.33929332937098944,0.18833398818969727,0.007636843059865164,0.03,balanced,0.0,"{'model__C': 0.03, 'model__class_weight': 'balanced', 'model__l1_ratio': 0.0}",0.868183444196473,0.859641930938875,0.8604001841114532,0.8565935619834488,0.8710258998535788,0.8631690042167659,0.005481212796539468,6,0.8870571497811428,0.8829869499963394,0.8820303911341446,0.8774618575785466,0.8929757924860964,0.884502428195254,0.005221145100424942,3,0.7732342007434945,0.7456078706957133,0.7693441414885778,0.7469534050179212,0.7752976190476191,0.7620874473986651,0.013053995873528453,13,0.7465900933237617,0.7622126436781609,0.7494615936826992,0.7480258435032304,0.7485632183908046,0.7509706785157313,0.00569765849932469,4,0.7596785975164354,0.7538188277087033,0.7592727272727273,0.7474892395982783,0.7616959064327485,0.7563910597057786,0.0051596916631252415,2
3.119285488128662,0.7577880235924017,0.17351112365722657,0.011836328235645916,0.03,balanced,1.0,"{'model__C': 0.03, 'model__class_weight': 'balanced', 'model__l1_ratio': 1.0}",0.8672473529456161,0.8548970806209788,0.8583315991798844,0.8546960978954542,0.8692863664341139,0.8608916994152095,0.006192573165518529,23,0.8851063454540348,0.8797463472540346,0.8792395619067651,0.8758340643814418,0.8913349708850626,0.8822522579762678,0.005425691187120771,23,0.7706146926536732,0.7434996486296557,0.7645756457564575,0.7431850789096126,0.7658181818181818,0.7575386495535161,0.01176580987785118,24,0.7379755922469491,0.7600574712643678,0.7437185929648241,0.7437185929648241,0.7564655172413793,0.748387153336469,0.008407708369426076,12,0.753942060872754,0.7516873889875666,0.7540029112081513,0.7434517402224614,0.7611131189013371,0.752839444038454,0.00566532133690626,12
5.575511932373047,0.26055039788204026,0.18227062225341797,0.0086634305865986,0.1,,0.0,"{'model__C': 0.1, 'model__class_weight': None, 'model__l1_ratio': 0.0}",0.867191972991023,0.8588952883450856,0.8603038798004561,0.8565100346455797,0.8706185712959486,0.8627039494156186,0.005318165258964965,9,0.8865639780861934,0.882800652107977,0.8823168226417412,0.8769899151287439,0.8922802907831472,0.8841903317495605,0.005066929632295419,8,0.8417721518987342,0.8148464163822525,0.8367346938775511,0.8130434782608695,0.8441674087266251,0.8301128298292063,0.013429417002061732,3,0.6683417085427136,0.6860632183908046,0.6769562096195262,0.6712132089016511,0.6810344827586207,0.6767217656426632,0.006426301995917785,22,0.7450980392156863,0.7449297971918877,0.7484126984126984,0.7353519465198585,0.7538767395626242,0.745533844180551,0.006035189205831118,16
5.999702978134155,0.8178688670789537,0.17876367568969725,0.014198053949423707,0.1,,1.0,"{'model__C': 0.1, 'model__class_weight': None, 'model__l1_ratio': 1.0}",0.8688650952660143,0.859298482732465,0.8608923181265566,0.8569370665749615,0.8707414866652654,0.8633468898730525,0.005452174062256705,2,0.8871080999694951,0.8829898915419452,0.8818808066068023,0.8776901536148178,0.8927639048022643,0.884486571307065,0.00511092977370332,5,0.8479638009049774,0.8145299145299145,0.8422459893048129,0.8094827586206896,0.850358422939068,0.8329161772598924,0.017348706411639422,1,0.6726489590811199,0.6846264367816092,0.678391959798995,0.6740847092605886,0.6817528735632183,0.6783009876971062,0.00450904711456418,13,0.7502001601281025,0.7439500390320063,0.7514910536779325,0.7356051703877791,0.7567783094098883,0.7476049465271417,0.007257279451604527,13
5.39372067451477,0.21902646765481423,0.19149427413940429,0.016680266106246573,0.1,balanced,0.0,"{'model__C': 0.1, 'model__class_weight': 'balanced', 'model__l1_ratio': 0.0}",0.867132639936197,0.859388940395975,0.8600718895876812,0.8563406884480237,0.8704232383910822,0.862671479351792,0.005246018764137753,10,0.8866629390289545,0.8828588293432902,0.8820480277378051,0.8772322551271894,0.8923384944987678,0.8842281091472014,0.005045322639956604,7,0.7696296296296297,0.7452764170748776,0.7710487444608567,0.7428774928774928,0.7733333333333333,0.760433123475238,0.013428391291083117,16,0.7458722182340273,0.7650862068965517,0.7494615936826992,0.7487437185929648,0.75,0.7518327474812485,0.006777986847421846,2,0.7575647101713452,0.7550514002126906,0.7601019293775028,0.7457990704326064,0.7614879649890591,0.7560010150366407,0.005556090400693306,3
6.405996608734131,1.0534604098687574,0.20233097076416015,0.017764514064053175,0.1,balanced,1.0,"{'model__C': 0.1, 'model__class_weight': 'balanced', 'model__l1_ratio': 1.0}",0.8689815489924818,0.8593087369671545,0.8607034369005154,0.856872034232861,0.870642706703643,0.8633016927593312,0.0054806275332848365,3,0.8873938782695486,0.8831879556127306,0.8818053611355883,0.8780321077635675,0.8928002003777357,0.8846439006318342,0.005059258638499998,1,0.7778608825729244,0.7512402551381998,0.7661290322580645,0.7462257368799425,0.764490095377843,0.7611892004453947,0.011279446664212657,15,0.7465900933237617,0.7614942528735632,0.7501794687724336,0.7451543431442929,0.7485632183908046,0.7503962753009711,0.005805808865047729,7,0.7619047619047619,0.7563325008919015,0.7580703663402248,0.7456896551724138,0.756442831215971,0.7556880231050547,0.005390284757087533,4
7.451863622665405,0.3013690596984502,0.17359600067138672,0.01776931698177569,0.3,,0.0,"{'model__C': 0.3, 'model__class_weight': None, 'model__l1_ratio': 0.0}",0.8665836537983618,0.8584565321951065,0.8600006239872693,0.8562379924779958,0.8701162678921492,0.8622790140701767,0.005220131063332011,14,0.8862553375221355,0.88259147553157,0.882178016038858,0.876639142678164,0.8918620741973118,0.8839052091936079,0.005026720974614696,12,0.8422484134179511,0.8137171888230313,0.8359929078014184,0.8100172711571675,0.8407473309608541,0.8285446224320845,0.013822391041064542,7,0.6669059583632448,0.6903735632183908,0.6769562096195262,0.6733668341708543,0.6788793103448276,0.6772963751433687,0.007707610492292389,20,0.7443910256410257,0.7469879518072289,0.7481158270527568,0.7353978831830654,0.7511923688394276,0.7452170113047007,0.0053729282529766985,19
10.481264638900758,1.2693119791992988,0.17552003860473633,0.01741415169939451,0.3,,1.0,"{'model__C': 0.3, 'model__class_weight': None, 'model__l1_ratio': 1.0}",0.8676638024508045,0.8605284026135511,0.860746264465254,0.8569765152551674,0.871090102627709,0.8634010174824972,0.005174306227759656,1,0.8868014190280663,0.8830085213307812,0.882352749056605,0.877714322293908,0.8925915825655675,0.8844937188549856,0.004972939932471074,4,0.8412984670874661,0.813458262350937,0.838248436103664,0.8127696289905091,0.8413120567375887,0.8294173702540331,0.013360180887906524,6,0.6697774587221823,0.6860632183908046,0.6733668341708543,0.6762383345297918,0.6817528735632183,0.6774397438753704,0.005825976176883852,19,0.7458033573141487,0.7443491816056118,0.7468152866242038,0.7382445141065831,0.7531746031746032,0.7456773885650301,0.00478603517460753,15
6.625258064270019,0.3311763080814872,0.1889007568359375,0.01307483091684348,0.3,balanced,0.0,"{'model__C': 0.3, 'model__class_weight': 'balanced', 'model__l1_ratio': 0.0}",0.866451069551367,0.8593701359770277,0.8597328528029619,0.8561434854195945,0.8698740170482984,0.8623143121598499,0.005053179359209723,13,0.8863487462007815,0.8826545553428926,0.8818866854746892,0.8769477832422219,0.891883001375962,0.8839441543273093,0.004972983139328504,11,0.7689450222882616,0.7470133520730851,0.770941438102298,0.7436079545454546,0.7690036900369004,0.7599022914092,0.011984150945998969,18,0.7430007178750897,0.7636494252873564,0.7465900933237617,0.7516152189519024,0.7485632183908046,0.7506837347657829,0.007060595328798725,5,0.755750273822563,0.7552397868561279,0.7585703865791393,0.7475901463762942,0.758645795413178,0.7551592778094605,0.004035814086061367,6
10.84668688774109,1.543579465563536,0.18400998115539552,0.012482495644032053,0.3,balanced,1.0,"{'model__C': 0.3, 'model__class_weight': 'balanced', 'model__l1_ratio': 1.0}",0.8677162418119188,0.8605672701885159,0.8605567367957874,0.8569442948354692,0.8707047978706595,0.8632978683004702,0.005093574263610037,4,0.8869294477064903,0.8831104949117798,0.8820878733979269,0.8780330875748821,0.8926134907057168,0.8845548788593591,0.00492515836482573,2,0.7742175856929955,0.7463209530483532,0.7699115044247787,0.7439372325249644,0.7744082840236687,0.7617591119429521,0.013694033457897064,14,0.7458722182340273,0.7650862068965517,0.7494615936826992,0.7487437185929648,0.7521551724137931,0.7522637819640072,0.00671597452942737,1,0.759780621572212,0.7555870876197233,0.7595489268825028,0.7463327370304115,0.7631195335276968,0.7568737813265093,0.0057859267203414595,1
8.97265453338623,1.1448947443637232,0.17946243286132812,0.009760730711847373,1.0,,0.0,"{'model__C': 1.0, 'model__class_weight': None, 'model__l1_ratio': 0.0}",0.8661932369869824,0.8582989447101449,0.8597916603816684,0.8561189420096925,0.869853196371337,0.862051196091965,0.005145954560437376,15,0.8860763586553593,0.8824558375953061,0.8820199398134569,0.8764271768304672,0.8916044083101826,0.8837167442409545,0.005007790900585064,16,0.8411552346570397,0.8130287648054145,0.8352524357838795,0.8098106712564543,0.8391111111111111,0.8276716435227799,0.013442955681815218,11,0.669059583632448,0.6903735632183908,0.6769562096195262,0.6755204594400575,0.6781609195402298,0.6780141470901304,0.0069325121808635586,15,0.7453018792483007,0.7466977466977467,0.7478191911181602,0.7365949119373777,0.7500993245927692,0.7453026107188709,0.004628435240941726,18
17.436256647109985,4.732950679057016,0.1764397144317627,0.019651659514506783,1.0,,1.0,"{'model__C': 1.0, 'model__class_weight': None, 'model__l1_ratio': 1.0}",0.8667660453897241,0.8603896986755792,0.8604464016510303,0.8565242911069693,0.8704711107773124,0.862919509520123,0.005004748619800866,7,0.8864186394078805,0.8827588167926956,0.8822724045288186,0.8770000398456601,0.8920749428426434,0.8841049686835396,0.004990470727359846,10,0.843155031731641,0.8143100511073254,0.8359929078014184,0.8127696289905091,0.8419182948490231,0.8296291828959834,0.013367035652240369,5,0.6676238334529792,0.6867816091954023,0.6769562096195262,0.6762383345297918,0.6810344827586207,0.6777268939112641,0.0062898268146813945,17,0.7451923076923077,0.745128604832424,0.7481158270527568,0.7382445141065831,0.7529785544082606,0.7459319616184665,0.004789844621371148,14
8.782777547836304,0.5025697824286905,0.19320039749145507,0.015681260763231095,1.0,balanced,0.0,"{'model__C': 1.0, 'model__class_weight': 'balanced', 'model__l1_ratio': 0.0}",0.8660882531460364,0.8588238500347092,0.8594426859337791,0.8560134338345121,0.8696187971712891,0.8619974040240652,0.005044335609709893,17,0.8861880571452087,0.8825669626515222,0.8816920296268813,0.8767322247530385,0.8916246815145,0.8837607911382301,0.004956574183772163,15,0.7695167286245354,0.7450980392156863,0.7706013363028953,0.7420042643923241,0.7669117647058824,0.7588264266482647,0.012567875792580846,23,0.7430007178750897,0.764367816091954,0.7451543431442929,0.7494615936826992,0.7492816091954023,0.7502532159978876,0.007475156919854895,8,0.7560262965668371,0.7546099290780142,0.7576642335766424,0.7457142857142857,0.7579941860465116,0.7544017861964581,0.0045100758668007584,11
17.079039525985717,4.604841401294136,0.17750611305236816,0.005226794802072995,1.0,balanced,1.0,"{'model__C': 1.0, 'model__class_weight': 'balanced', 'model__l1_ratio': 1.0}",0.8666350722078704,0.8605982929778604,0.860207193065226,0.856393877017817,0.870063670196053,0.8627796210929655,0.0049005138573940095,8,0.8865153141242413,0.8829160260634015,0.8819533126440731,0.8772783062589695,0.8921135273282794,0.8841552972837932,0.004951376374199846,9,0.7695167286245354,0.7440559440559441,0.7706013363028953,0.7444996451383961,0.7712177121771218,0.7599782732597784,0.012831719153219583,17,0.7430007178750897,0.764367816091954,0.7451543431442929,0.7530509691313712,0.7507183908045977,0.751258447409461,0.007494138088618029,3,0.7560262965668371,0.7540751240255138,0.7576642335766424,0.7487508922198429,0.7608299963596651,0.7554693085497004,0.0040235748729161485,5
10.362078046798706,0.7933201905304503,0.1829350471496582,0.010333197171408732,3.0,,0.0,"{'model__C': 3.0, 'model__class_weight': None, 'model__l1_ratio': 0.0}",0.8659722381012482,0.8584341949321755,0.8595576471125648,0.8560833483859231,0.8696481362754112,0.8619391129614644,0.0050584769959703116,18,0.8859757646937404,0.8823460198926925,0.8818932175501191,0.8763210306047331,0.8914271812659896,0.8835926428014551,0.004987538906250399,19,0.8419150858175248,0.8133445945945946,0.8352524357838795,0.8103448275862069,0.8389679715302492,0.827964983062491,0.013364158987566096,8,0.669059583632448,0.6918103448275862,0.6769562096195262,0.674802584350323,0.6774425287356322,0.6780142502331031,0.007513712706007273,14,0.7456,0.7476708074534162,0.7478191911181602,0.736388562475519,0.7496025437201908,0.7454162209534572,0.004688605689067054,17
34.77305107116699,2.2016474117869085,0.19418559074401856,0.015697627685796408,3.0,,1.0,"{'model__C': 3.0, 'model__class_weight': None, 'model__l1_ratio': 1.0}",0.8663183738297997,0.8595960343850366,0.860036892462694,0.856281572789443,0.8699919315463487,0.8624449610026644,0.004977200469126294,11,0.886190996579152,0.8824996339409912,0.882039209435975,0.8765532458862622,0.8916926948451127,0.8837951561374986,0.005006359150666753,14,0.8417721518987342,0.8144067796610169,0.8345132743362832,0.8091143594153053,0.8389679715302492,0.8277549073683177,0.013368126401839086,9,0.6683417085427136,0.6903735632183908,0.6769562096195262,0.6755204594400575,0.6774425287356322,0.6777268939112642,0.007121279658491848,16,0.7450980392156863,0.7472783825816485,0.7475227903289734,0.7363067292644757,0.7496025437201908,0.7451616970221948,0.004651682385171842,20
9.29393916130066,1.5356208404139602,0.1779430866241455,0.0017068881364561558,3.0,balanced,0.0,"{'model__C': 3.0, 'model__class_weight': 'balanced', 'model__l1_ratio': 0.0}",0.8659897279416038,0.858828723383562,0.8593788051613166,0.8560241885663593,0.8694046833212362,0.8619252256748157,0.004967037108538887,19,0.8861233895984537,0.8824427640592807,0.8815927420803483,0.8766623315459399,0.8914412417141453,0.8836524937996335,0.00492622191232175,17,0.7699180938198064,0.7435359888190077,0.7715773809523809,0.7437544610992148,0.7676470588235295,0.7592865967027878,0.012832134042379316,22,0.7422828427853554,0.764367816091954,0.7444364680545585,0.7480258435032304,0.75,0.7498225940870197,0.00775475946783184,11,0.7558479532163743,0.7538080056677293,0.7577639751552795,0.7458840372226199,0.7587209302325582,0.7544049802989121,0.004581599954929714,10
33.60510096549988,4.2100547611124775,0.20083961486816407,0.011644559846661302,3.0,balanced,1.0,"{'model__C': 3.0, 'model__class_weight': 'balanced', 'model__l1_ratio': 1.0}",0.8661544168340406,0.8598862094362205,0.8597518227467906,0.8561437360500982,0.8696906113798893,0.8623253592894079,0.004892721701705794,12,0.886255010918364,0.8826150078964157,0.8816688407591055,0.8768478424881458,0.8917201617670911,0.8838213727658243,0.00496048983701854,13,0.7695167286245354,0.7430167597765364,0.773303504847129,0.7428977272727273,0.7682119205298014,0.7593893282101459,0.013520655194698796,21,0.7430007178750897,0.764367816091954,0.7444364680545585,0.750897343862168,0.75,0.7505404691767541,0.00755938712563544,6,0.7560262965668371,0.7535410764872521,0.7585954645208486,0.746876115672974,0.7589967284623773,0.7548071363420578,0.0044248041897451944,7
12.070983076095581,0.5965594897992372,0.192673921585083,0.011971833948719503,10.0,,0.0,"{'model__C': 10.0, 'model__class_weight': None, 'model__l1_ratio': 0.0}",0.8657991356006726,0.8582756604796965,0.8594141248485635,0.8559585415011738,0.8695199671274616,0.8617934859115136,0.005056219388456847,22,0.8859359190336187,0.8822698665453443,0.881811893211018,0.876209005511112,0.8913117547962477,0.8835076878194682,0.0049895581468997535,22,0.8410117434507678,0.8131868131868132,0.8328912466843501,0.8101811906816221,0.840321141837645,0.8275184271682395,0.013272687784053112,12,0.6683417085427136,0.6910919540229885,0.6762383345297918,0.6740847092605886,0.6767241379310345,0.6772961688574235,0.007513531173152914,21,0.7448,0.7471844660194175,0.7464342313787639,0.7358934169278997,0.7497015519299642,0.744802733251209,0.004726706811007901,23
50.43345756530762,8.86811626779025,0.18925151824951172,0.028036063085742267,10.0,,1.0,"{'model__C': 10.0, 'model__class_weight': None, 'model__l1_ratio': 1.0}",0.8660428632551485,0.8588271868763838,0.859689589235433,0.8559766657205664,0.8697130826389491,0.8620498775452962,0.005049935546275442,16,0.8860077718633463,0.8823306584878624,0.8818955037765194,0.8762383998505461,0.8914732864564531,0.8835891240869455,0.005029813228234251,20,0.8410117434507678,0.8145639288738358,0.8330388692579506,0.8101811906816221,0.8397150489759573,0.8277021562480267,0.012880469415867601,10,0.6683417085427136,0.6910919540229885,0.6769562096195262,0.6740847092605886,0.6774425287356322,0.6775834220362899,0.007490579979651487,18,0.7448,0.7477652545666537,0.7469306930693069,0.7358934169278997,0.7499005964214712,0.7450579921970663,0.004865040464515516,21
10.859180450439453,1.4267505767370612,0.22537083625793458,0.07071992886900952,10.0,balanced,0.0,"{'model__C': 10.0, 'model__class_weight': 'balanced', 'model__l1_ratio': 0.0}",0.8659174407342829,0.8588041680986661,0.8593215473172132,0.8558969886574576,0.8692803224085845,0.861844093443241,0.004957057590346668,21,0.8860727660138729,0.8823332731950677,0.8815306873637654,0.8765320166411155,0.8913218913984063,0.8835581269224455,0.00493105368255731,21,0.7710663683818046,0.7431960921144453,0.7721518987341772,0.7439372325249644,0.7687776141384389,0.7598258411787662,0.01332225074586896,19,0.7422828427853554,0.7650862068965517,0.7444364680545585,0.7487437185929648,0.75,0.7501098472658861,0.007995235488384347,9,0.7564008778346745,0.7539823008849558,0.7580409356725146,0.7463327370304115,0.7592727272727273,0.7548059157390569,0.004592053183276407,8
40.00483927726746,5.49393220810513,0.11663603782653809,0.025010171070603566,10.0,balanced,1.0,"{'model__C': 10.0, 'model__class_weight': 'balanced', 'model__l1_ratio': 1.0}",0.8659130991640104,0.859019673800623,0.8594021570352225,0.8558966804859046,0.8693911954364761,0.8619245611844473,0.004955709866176159,20,0.8861204501645102,0.8824153096336271,0.8815483239674259,0.8765584715466059,0.8914638038286273,0.8836212718281592,0.004967611216677919,18,0.7704918032786885,0.7430167597765364,0.7723214285714286,0.7437544610992148,0.7693441414885778,0.7597857188428891,0.01342629449126906,20,0.7422828427853554,0.764367816091954,0.7451543431442929,0.7480258435032304,0.75,0.7499661691049666,0.007659773055612809,10,0.7561243144424131,0.7535410764872521,0.7584947022287176,0.7458840372226199,0.7595489268825028,0.7547186114527011,0.004878587910800679,9
