model_name,dataset_split,actual_at_risk,predicted_at_risk,count,threshold,cutoff_day,model_version
logistic_regression,train,0,0,9585,0.4149999999999999,105,lr-oulad-c105-s42-v4
logistic_regression,train,0,1,1404,0.4149999999999999,105,lr-oulad-c105-s42-v4
logistic_regression,train,1,0,1817,0.4149999999999999,105,lr-oulad-c105-s42-v4
logistic_regression,train,1,1,5146,0.4149999999999999,105,lr-oulad-c105-s42-v4
dummy_prior_baseline,train,0,0,10989,0.5,105,dummy-prior-v1
dummy_prior_baseline,train,0,1,0,0.5,105,dummy-prior-v1
dummy_prior_baseline,train,1,0,6963,0.5,105,dummy-prior-v1
dummy_prior_baseline,train,1,1,0,0.5,105,dummy-prior-v1
logistic_regression,validation,0,0,1913,0.4149999999999999,105,lr-oulad-c105-s42-v4
logistic_regression,validation,0,1,285,0.4149999999999999,105,lr-oulad-c105-s42-v4
logistic_regression,validation,1,0,345,0.4149999999999999,105,lr-oulad-c105-s42-v4
logistic_regression,validation,1,1,1047,0.4149999999999999,105,lr-oulad-c105-s42-v4
dummy_prior_baseline,validation,0,0,2198,0.5,105,dummy-prior-v1
dummy_prior_baseline,validation,0,1,0,0.5,105,dummy-prior-v1
dummy_prior_baseline,validation,1,0,1392,0.5,105,dummy-prior-v1
dummy_prior_baseline,validation,1,1,0,0.5,105,dummy-prior-v1
logistic_regression,test,0,0,1946,0.4149999999999999,105,lr-oulad-c105-s42-v4
logistic_regression,test,0,1,252,0.4149999999999999,105,lr-oulad-c105-s42-v4
logistic_regression,test,1,0,369,0.4149999999999999,105,lr-oulad-c105-s42-v4
logistic_regression,test,1,1,1023,0.4149999999999999,105,lr-oulad-c105-s42-v4
dummy_prior_baseline,test,0,0,2198,0.5,105,dummy-prior-v1
dummy_prior_baseline,test,0,1,0,0.5,105,dummy-prior-v1
dummy_prior_baseline,test,1,0,1392,0.5,105,dummy-prior-v1
dummy_prior_baseline,test,1,1,0,0.5,105,dummy-prior-v1
