dimension,group_value,rows,actual_at_risk_rate,predicted_at_risk_rate,accuracy,precision_at_risk,recall_at_risk,f1_at_risk,roc_auc,pr_auc,false_negatives
code_module,AAA,101,0.27722772277227725,0.1782178217821782,0.8217821782178217,0.7777777777777778,0.5,0.6086956521739131,0.8062622309197651,0.714465237580376,14
code_module,BBB,846,0.38534278959810875,0.3463356973995272,0.8262411347517731,0.8054607508532423,0.7239263803680982,0.7625201938610663,0.8903374233128835,0.8707668230863344,90
code_module,CCC,411,0.4282238442822384,0.4233576642335766,0.8442822384428224,0.8218390804597702,0.8125,0.8171428571428572,0.9186653771760154,0.91544345078497,33
code_module,DDD,672,0.46726190476190477,0.43601190476190477,0.8229166666666666,0.8327645051194539,0.7770700636942676,0.8039538714991763,0.898560651887699,0.9022169982927286,70
code_module,EEE,342,0.24561403508771928,0.19298245614035087,0.8304093567251462,0.696969696969697,0.5476190476190477,0.6133333333333333,0.8594499815430048,0.7611945222545937,38
code_module,FFF,877,0.38768529076396807,0.36830102622576966,0.830102622576967,0.7956656346749226,0.7558823529411764,0.77526395173454,0.89904151604776,0.8755829616729389,83
code_module,GGG,341,0.36363636363636365,0.31671554252199413,0.8064516129032258,0.7685185185185185,0.6693548387096774,0.7155172413793104,0.840679351865616,0.8105363072979461,41
code_presentation,2013B,513,0.4346978557504873,0.41325536062378165,0.8187134502923976,0.8066037735849056,0.7668161434977578,0.7862068965517242,0.9009741765888356,0.8959777456537116,52
code_presentation,2013J,1050,0.36095238095238097,0.3076190476190476,0.8361904761904762,0.8204334365325078,0.6992084432717678,0.7549857549857549,0.8869760802802888,0.8571069470100607,114
code_presentation,2014B,833,0.4429771908763505,0.4417767106842737,0.8283313325330132,0.8070652173913043,0.8048780487804879,0.8059701492537313,0.9064514998598263,0.9064064018991943,72
code_presentation,2014J,1194,0.3525963149078727,0.31155778894472363,0.821608040201005,0.7795698924731183,0.6888361045130641,0.7313997477931904,0.8730983028764754,0.8310413131633763,131
region,East Anglian Region,378,0.328042328042328,0.29894179894179895,0.8174603174603174,0.7433628318584071,0.6774193548387096,0.7088607594936709,0.8357251714503429,0.7885340092079778,40
region,East Midlands Region,247,0.38866396761133604,0.3522267206477733,0.8178137651821862,0.7931034482758621,0.71875,0.7540983606557377,0.8672737306843268,0.8379682875617814,27
region,Ireland,146,0.3493150684931507,0.3972602739726027,0.8698630136986302,0.7758620689655172,0.8823529411764706,0.8256880733944955,0.9263157894736842,0.8850755065672796,6
region,London Region,338,0.4378698224852071,0.40828402366863903,0.7869822485207101,0.7753623188405797,0.722972972972973,0.7482517482517482,0.8775960170697013,0.8688999404752069,41
region,North Region,205,0.3170731707317073,0.32682926829268294,0.8146341463414634,0.7014925373134329,0.7230769230769231,0.7121212121212122,0.8883516483516484,0.8319239619001855,18
region,North Western Region,312,0.4551282051282051,0.4391025641025641,0.8173076923076923,0.8102189781021898,0.7816901408450704,0.7956989247311828,0.8950289975144988,0.8973247946207882,31
region,Scotland,422,0.41232227488151657,0.3459715639810427,0.8293838862559242,0.8493150684931506,0.7126436781609196,0.775,0.8896459028550241,0.8809889235815911,50
region,South East Region,230,0.30869565217391304,0.27391304347826084,0.8782608695652174,0.8412698412698413,0.7464788732394366,0.7910447761194029,0.9230224111967401,0.8821709160604273,18
region,South Region,336,0.3541666666666667,0.30654761904761907,0.8214285714285714,0.7864077669902912,0.680672268907563,0.7297297297297297,0.9069821476977888,0.8684607110220138,38
region,South West Region,283,0.3568904593639576,0.31448763250883394,0.872791519434629,0.8651685393258427,0.7623762376237624,0.8105263157894737,0.9239473397889241,0.9023818555121622,24
region,Wales,219,0.4977168949771689,0.4840182648401826,0.8127853881278538,0.8207547169811321,0.7981651376146789,0.8093023255813954,0.8876563803169308,0.9134465228250678,22
region,West Midlands Region,280,0.4142857142857143,0.35,0.8142857142857143,0.826530612244898,0.6982758620689655,0.7570093457943925,0.8810449957947855,0.875285285128176,35
region,Yorkshire Region,194,0.3917525773195876,0.36082474226804123,0.8350515463917526,0.8142857142857143,0.75,0.7808219178082192,0.900200713648528,0.8873171672842594,19
gender,F,1613,0.3744575325480471,0.34221946683199006,0.8177309361438314,0.7807971014492754,0.7135761589403974,0.745674740484429,0.8739194927769282,0.8499624062825182,173
gender,M,1977,0.39858371269600407,0.36570561456752654,0.834597875569044,0.8188105117565698,0.751269035532995,0.7835870284579749,0.9029150461292815,0.884949196555509,196
age_band,0-35,2479,0.4037918515530456,0.38321903993545786,0.8301734570391287,0.8052631578947368,0.7642357642357642,0.7842132239876987,0.8942397250922284,0.8825294289839126,236
age_band,35-55,1085,0.3529953917050691,0.295852534562212,0.8193548387096774,0.7912772585669782,0.6631853785900783,0.7215909090909091,0.8822498939992411,0.8377067968225961,129
age_band,55<=,26,0.3076923076923077,0.15384615384615385,0.8461538461538461,1.0,0.5,0.6666666666666666,0.9027777777777778,0.8422619047619048,4
disability,N,3236,0.37669962917181704,0.3445611866501854,0.8281829419035847,0.7973094170403587,0.7292863002461034,0.7617823479005998,0.8922249476659224,0.8680384164624761,330
disability,Y,354,0.4887005649717514,0.4519774011299435,0.8163841807909604,0.8375,0.7745664739884393,0.8048048048048048,0.872800434324402,0.8871059645985153,39
imd_band,0-10%,357,0.5154061624649859,0.4733893557422969,0.7899159663865546,0.8224852071005917,0.7554347826086957,0.7875354107648725,0.8718270922342298,0.8949946472988175,45
imd_band,10-20,374,0.4786096256684492,0.42780748663101603,0.8101604278074866,0.8375,0.7486033519553073,0.7905604719764012,0.9069187795444779,0.9115718669300482,45
imd_band,20-30%,372,0.44086021505376344,0.4032258064516129,0.8225806451612904,0.8266666666666667,0.7560975609756098,0.7898089171974523,0.8811561913696061,0.8876585874180727,40
imd_band,30-40%,407,0.40294840294840295,0.33906633906633904,0.8034398034398035,0.8043478260869565,0.676829268292683,0.7350993377483444,0.8643731807688447,0.8590397827523448,53
imd_band,40-50%,357,0.4117647058823529,0.37815126050420167,0.803921568627451,0.7851851851851852,0.7210884353741497,0.75177304964539,0.8737609329446064,0.8490458960241203,41
imd_band,50-60%,341,0.36363636363636365,0.3284457478005865,0.8299120234604106,0.7946428571428571,0.717741935483871,0.7542372881355932,0.8890664486398098,0.8558929125775633,35
imd_band,60-70%,347,0.34870317002881845,0.33429394812680113,0.8587896253602305,0.8103448275862069,0.7768595041322314,0.7932489451476793,0.9094931617055511,0.8726282234496144,27
imd_band,70-80%,332,0.35240963855421686,0.3192771084337349,0.8343373493975904,0.7924528301886793,0.717948717948718,0.7533632286995515,0.8765255416418208,0.8432465697472482,33
imd_band,80-90%,284,0.30633802816901406,0.2676056338028169,0.8626760563380281,0.8157894736842105,0.7126436781609196,0.7607361963190185,0.8911838496995157,0.8375482445643758,25
imd_band,90-100%,293,0.2832764505119454,0.2696245733788396,0.8771331058020477,0.7974683544303798,0.7590361445783133,0.7777777777777778,0.9238668961560528,0.8856230474187035,20
imd_band,Unknown,126,0.1746031746031746,0.2698412698412698,0.8253968253968254,0.5,0.7727272727272727,0.6071428571428571,0.8898601398601398,0.779203708020098,5
