code_module,code_presentation,final_result,attempts
AAA,2013J,Distinction,20
AAA,2013J,Fail,45
AAA,2013J,Pass,258
AAA,2013J,Withdrawn,60
AAA,2014J,Distinction,24
AAA,2014J,Fail,46
AAA,2014J,Pass,229
AAA,2014J,Withdrawn,66
BBB,2013B,Distinction,155
BBB,2013B,Fail,459
BBB,2013B,Pass,648
BBB,2013B,Withdrawn,505
BBB,2013J,Distinction,176
BBB,2013J,Fail,521
BBB,2013J,Pass,896
BBB,2013J,Withdrawn,644
BBB,2014B,Distinction,166
BBB,2014B,Fail,396
BBB,2014B,Pass,561
BBB,2014B,Withdrawn,490
BBB,2014J,Distinction,180
BBB,2014J,Fail,391
BBB,2014J,Pass,972
BBB,2014J,Withdrawn,749
CCC,2014B,Distinction,192
CCC,2014B,Fail,375
CCC,2014B,Pass,471
CCC,2014B,Withdrawn,898
CCC,2014J,Distinction,306
CCC,2014J,Fail,406
CCC,2014J,Pass,709
CCC,2014J,Withdrawn,1077
DDD,2013B,Distinction,54
DDD,2013B,Fail,361
DDD,2013B,Pass,456
DDD,2013B,Withdrawn,432
DDD,2013J,Distinction,98
DDD,2013J,Fail,428
DDD,2013J,Pass,731
DDD,2013J,Withdrawn,681
DDD,2014B,Distinction,119
DDD,2014B,Fail,259
DDD,2014B,Pass,360
DDD,2014B,Withdrawn,490
DDD,2014J,Distinction,112
DDD,2014J,Fail,364
DDD,2014J,Pass,680
DDD,2014J,Withdrawn,647
EEE,2013J,Distinction,127
EEE,2013J,Fail,200
EEE,2013J,Pass,482
EEE,2013J,Withdrawn,243
EEE,2014B,Distinction,72
EEE,2014B,Fail,164
EEE,2014B,Pass,285
EEE,2014B,Withdrawn,173
EEE,2014J,Distinction,157
EEE,2014J,Fail,198
EEE,2014J,Pass,527
EEE,2014J,Withdrawn,306
FFF,2013B,Distinction,118
FFF,2013B,Fail,421
FFF,2013B,Pass,664
FFF,2013B,Withdrawn,411
FFF,2013J,Distinction,187
FFF,2013J,Fail,513
FFF,2013J,Pass,908
FFF,2013J,Withdrawn,675
FFF,2014B,Distinction,107
FFF,2014B,Fail,384
FFF,2014B,Pass,547
FFF,2014B,Withdrawn,462
FFF,2014J,Distinction,258
FFF,2014J,Fail,393
FFF,2014J,Pass,859
FFF,2014J,Withdrawn,855
GGG,2013J,Distinction,141
GGG,2013J,Fail,294
GGG,2013J,Pass,451
GGG,2013J,Withdrawn,66
GGG,2014B,Distinction,128
GGG,2014B,Fail,255
GGG,2014B,Pass,350
GGG,2014B,Withdrawn,100
GGG,2014J,Distinction,127
GGG,2014J,Fail,179
GGG,2014J,Pass,317
GGG,2014J,Withdrawn,126
