region,attempts,at_risk_count,at_risk_rate,ci95_low,ci95_high
East Anglian Region,3340,1704,0.5101796407185629,0.4932243600995572,0.5271115322677749
East Midlands Region,2365,1284,0.5429175475687104,0.5227872111502115,0.562908688524333
Ireland,1184,534,0.4510135135135135,0.42287422690745813,0.47946964302686246
London Region,3216,1854,0.5764925373134329,0.5593339925054928,0.5934685619967408
North Region,1823,902,0.4947888096544158,0.4718729315771611,0.5177266037802938
North Western Region,2906,1738,0.5980729525120441,0.5801289001455034,0.6157580607307125
Scotland,3446,1759,0.5104468949506674,0.49375419556201483,0.5271163287387199
South East Region,2111,1024,0.48507816200852677,0.4638049501974809,0.5064055827305379
South Region,3092,1472,0.4760672703751617,0.45850431644151346,0.49368961791571375
South West Region,2436,1223,0.5020525451559934,0.48220968029080064,0.5218889466768848
Wales,2086,1144,0.548418024928092,0.5269927126925402,0.5696653372027802
West Midlands Region,2582,1464,0.5670023237800155,0.5478047712262134,0.5860008025144897
Yorkshire Region,2006,1106,0.551345962113659,0.5295038201083299,0.5729918265487323
