week,At_Risk,total_clicks,active_attempts,eligible_attempts,mean_clicks_per_attempt,active_attempt_rate,actual_status,day_start,day_end
0,0,1345960,13408,15385,87.48521286967826,0.8714982125446864,Not-At-Risk,0,6
0,1,470367,7124,9747,48.257617728531855,0.730891556376321,At-Risk,0,6
1,0,1220398,13497,15385,79.32388690282743,0.8772830679233019,Not-At-Risk,7,13
1,1,413019,6853,9747,42.37396121883656,0.7030881296809275,At-Risk,7,13
2,0,1498958,13869,15385,97.42983425414364,0.9014624634384141,Not-At-Risk,14,20
2,1,592891,7293,9747,60.8280496563045,0.7482302246845183,At-Risk,14,20
3,0,1147024,13295,15385,74.55469613259669,0.8641533961650959,Not-At-Risk,21,27
3,1,393320,6669,9747,40.35292910639171,0.6842105263157895,At-Risk,21,27
4,0,1067682,13372,15385,69.39759506012349,0.869158271043224,Not-At-Risk,28,34
4,1,343727,6410,9747,35.26490202113471,0.6576382476659485,At-Risk,28,34
5,0,902680,13066,15385,58.67273318167046,0.849268768280793,Not-At-Risk,35,41
5,1,263718,5860,9747,27.056325023084025,0.6012106289114599,At-Risk,35,41
6,0,1006794,13228,15385,65.43997400064998,0.8597985050373741,Not-At-Risk,42,48
6,1,293538,5842,9747,30.115727916281934,0.5993639068431312,At-Risk,42,48
7,0,956876,13210,15385,62.19538511537212,0.8586285342866429,Not-At-Risk,49,55
7,1,285188,5655,9747,29.259054067918335,0.5801785164666051,At-Risk,49,55
8,0,724167,12635,15385,47.06967825804355,0.821254468638284,Not-At-Risk,56,62
8,1,178355,4995,9747,18.298450805376014,0.5124653739612188,At-Risk,56,62
9,0,809963,12239,15385,52.646278843028924,0.7955151121221969,Not-At-Risk,63,69
9,1,227897,4721,9747,23.381245511439417,0.4843541602544373,At-Risk,63,69
10,0,522307,10497,15385,33.949106272343194,0.68228794280143,Not-At-Risk,70,76
10,1,114483,3657,9747,11.745460141582026,0.3751923668821176,At-Risk,70,76
11,0,463734,9904,15385,30.141956451088724,0.6437439064023399,Not-At-Risk,77,83
11,1,106985,3485,9747,10.976197804452653,0.35754591156253207,At-Risk,77,83
12,0,671067,11837,15385,43.61826454338642,0.7693857653558661,Not-At-Risk,84,90
12,1,154134,4114,9747,15.8134810710988,0.4220785882835744,At-Risk,84,90
13,0,822582,12539,15385,53.466493337666556,0.8150146246343841,Not-At-Risk,91,97
13,1,163946,4197,9747,16.820149789678876,0.43059402893197907,At-Risk,91,97
14,0,729389,12325,15385,47.40909977250569,0.8011049723756906,Not-At-Risk,98,104
14,1,139768,3924,9747,14.339591669231558,0.4025854108956602,At-Risk,98,104
